{"cameraMode":{"drawMode":0,"name":"Shaded","section":"Shading Mode"},"sceneLighting":false,"audioPlay":false,"sceneViewState":{"m_AlwaysRefresh":false,"showFog":true,"showSkybox":false,"showFlares":true,"showImageEffects":true,"showParticleSystems":true,"showVisualEffectGraphs":true,"m_FxEnabled":true},"in2DMode":false,"pivot":{"x":-0.01799994707107544,"y":0.07399994134902954,"z":0.1329999566078186},"rotation":{"x":-0.11235158145427704,"y":0.7362790107727051,"z":-0.12623187899589539,"w":-0.6551994681358337},"size":3.464101552963257,"orthographic":false}